Workbook

Sheet How to Use
B1: QHSE Department — BSC KPI Follow-Up Workbook 2026
B4: DEPARTMENT | C4: QHSE (Quality, Health, Safety & Environment)
B6: PURPOSE | C6: Track 14 QHSE-specific BSC KPIs monthly. Master Summary auto-updates from individual KPI sheets.
B8: KPI TYPES
B9: Planned/Actual | C9: Two rows — enter Planned count and Actual count each month. Total auto-calculates %. KPIs: Regulatory Approval, Audit Plan Adherence, CAPA Extension Rate, Doc Standardization, Training Compliance, Budget Adherence, Process Review Rate
B10: Actual Only | C10: One row — enter actual count each month. Total sums YTD. KPIs: Quality Circular, Unscheduled Audits, Accident Rate, High Risk Incidents, HSE Bulletins, Emergency Drills
B11: Annual | C11: One row — enter value when measured (quarterly or annually). Blue input cells. KPIs: Psychological Safety Index
B13: SHEETS (14 KPI sheets)
B14: Regulatory Approval | C14: Regulatory Approval Currency Rate % — Target: 85%, Weight: 10%
B15: Quality Circular Freq | C15: Quality Circular Frequency (count) — Target: 4, Weight: 10%
B16: Audit Plan Adherence | C16: Annual Audit Plan Adherence % — Target: 95%, Weight: 15%
B17: CAPA Extension Rate | C17: Internal Finding Due Date Extension Rate % — Target: Less than 15%, Weight: 5%
B18: Unscheduled Audits | C18: Unscheduled Audit Frequency (count) — Target: Less than 5, Weight: 5%
B19: Doc Standardization | C19: Document Standardization Rate % — Target: 95%, Weight: 10%
B20: Psych Safety Index | C20: Psychological Safety Index % (annual) — Target: ≥70%, Weight: 5%
B21: Accident Rate | C21: Accident Rate (per 100,000 Flt Hrs) (count) — Target: 0, Weight: 5%
B22: High Risk Incidents | C22: High Risk Incident Rate (per 100,000 Flt Hrs.) (count) — Target: 0, Weight: 5%
B23: HSE Bulletins | C23: HSE Bulletins/Alerts Frequency (count) — Target: 4, Weight: 10%
B24: Emergency Drills | C24: Emergency Drills Frequency (count) — Target: 2, Weight: 5%
B25: Training Compliance | C25: Mandatory Training Compliance % — Target: 100%, Weight: 5%
... B31: OWNER | C31: QHSE Department Head

Sheet Actuals 2026
A1: KPI Name | B1: Perspective | C1: Target | D1: Unit | E1: Lower is Better | F1: Target Type | G1: Target Date | H1: Weight % | I1: Jan 2026 | J1: Feb 2026 | K1: Mar 2026 | L1: Apr 2026 | M1: May 2026 | N1: Jun 2026 | O1: Jul 2026 | P1: Aug 2026 | Q1: Sep 2026 | R1: Oct 2026 | S1: Nov 2026 | T1: Dec 2026
A2: Regulatory Approval Currency Rate % | B2: Customer / Stakeholder | C2: 85 | D2: % | E2: No | F2: Regular | H2: 10 | I2: =IFERROR('Regulatory Approval'!C6,"") -> 100 | J2: =IFERROR('Regulatory Approval'!D6,"") -> 100 | K2: =IFERROR('Regulatory Approval'!E6,"") -> 60 | L2: =IFERROR('Regulatory Approval'!F6,"") | M2: =IFERROR('Regulatory Approval'!G6,"") | N2: =IFERROR('Regulatory Approval'!H6,"") | O2: =IFERROR('Regulatory Approval'!I6,"") | P2: =IFERROR('Regulatory Approval'!J6,"") | ... T2: =IFERROR('Regulatory Approval'!N6,"")
A3: Quality Circular Frequency | B3: Learning & Growth | C3: 4 | D3: # | E3: No | F3: Regular | H3: 10 | I3: =IFERROR('Quality Circular Freq'!C5,"") -> 0 | J3: =IFERROR('Quality Circular Freq'!D5,"") -> 0 | K3: =IFERROR('Quality Circular Freq'!E5,"") -> 1 | L3: =IFERROR('Quality Circular Freq'!F5,"") -> 0 | M3: =IFERROR('Quality Circular Freq'!G5,"") -> 0 | N3: =IFERROR('Quality Circular Freq'!H5,"") -> 0 | O3: =IFERROR('Quality Circular Freq'!I5,"") -> 0 | P3: =IFERROR('Quality Circular Freq'!J5,"") -> 0 | ... T3: =IFERROR('Quality Circular Freq'!N5,"") -> 0
A4: Annual Audit Plan Adherence % | B4: Internal Process | C4: 95 | D4: % | E4: No | F4: Regular | H4: 15 | I4: =IFERROR('Audit Plan Adherence'!C6,"") | J4: =IFERROR('Audit Plan Adherence'!D6,"") -> 83.333333 | K4: =IFERROR('Audit Plan Adherence'!E6,"") -> 120 | L4: =IFERROR('Audit Plan Adherence'!F6,"") | M4: =IFERROR('Audit Plan Adherence'!G6,"") | N4: =IFERROR('Audit Plan Adherence'!H6,"") | O4: =IFERROR('Audit Plan Adherence'!I6,"") | P4: =IFERROR('Audit Plan Adherence'!J6,"") | ... T4: =IFERROR('Audit Plan Adherence'!N6,"")
A5: Internal Finding Due Date Extension Rate % | B5: Internal Process | C5: 15 | D5: % | E5: Yes | F5: Regular | H5: 5 | I5: =IFERROR('CAPA Extension Rate'!C6,"") -> 9.0909091 | J5: =IFERROR('CAPA Extension Rate'!D6,"") -> 12 | K5: =IFERROR('CAPA Extension Rate'!E6,"") -> 2.8571429 | L5: =IFERROR('CAPA Extension Rate'!F6,"") | M5: =IFERROR('CAPA Extension Rate'!G6,"") | N5: =IFERROR('CAPA Extension Rate'!H6,"") | O5: =IFERROR('CAPA Extension Rate'!I6,"") | P5: =IFERROR('CAPA Extension Rate'!J6,"") | ... T5: =IFERROR('CAPA Extension Rate'!N6,"")
A6: Unscheduled Audit Frequency | B6: Internal Process | C6: 5 | D6: # | E6: Yes | F6: Regular | H6: 5 | I6: =IFERROR('Unscheduled Audits'!C5,"") -> 0 | J6: =IFERROR('Unscheduled Audits'!D5,"") -> 0 | K6: =IFERROR('Unscheduled Audits'!E5,"") -> 2 | L6: =IFERROR('Unscheduled Audits'!F5,"") -> 0 | M6: =IFERROR('Unscheduled Audits'!G5,"") -> 0 | N6: =IFERROR('Unscheduled Audits'!H5,"") -> 0 | O6: =IFERROR('Unscheduled Audits'!I5,"") -> 0 | P6: =IFERROR('Unscheduled Audits'!J5,"") -> 0 | ... T6: =IFERROR('Unscheduled Audits'!N5,"") -> 0
A7: Document Standardization Rate % | B7: Internal Process | C7: 95 | D7: % | E7: No | F7: Regular | H7: 10 | I7: =IFERROR('Doc Standardization'!C6,"") | J7: =IFERROR('Doc Standardization'!D6,"") | K7: =IFERROR('Doc Standardization'!E6,"") -> 100 | L7: =IFERROR('Doc Standardization'!F6,"") | M7: =IFERROR('Doc Standardization'!G6,"") | N7: =IFERROR('Doc Standardization'!H6,"") | O7: =IFERROR('Doc Standardization'!I6,"") | P7: =IFERROR('Doc Standardization'!J6,"") | ... T7: =IFERROR('Doc Standardization'!N6,"")
A8: Psychological Safety Index % | B8: Learning & Growth | C8: 70 | D8: % | E8: No | F8: Regular | H8: 5 | I8: =IFERROR('Psych Safety Index'!C5,"") -> 0 | J8: =IFERROR('Psych Safety Index'!D5,"") -> 0 | K8: =IFERROR('Psych Safety Index'!E5,"") -> 70 | L8: =IFERROR('Psych Safety Index'!F5,"") -> 0 | M8: =IFERROR('Psych Safety Index'!G5,"") -> 0 | N8: =IFERROR('Psych Safety Index'!H5,"") -> 0 | O8: =IFERROR('Psych Safety Index'!I5,"") -> 0 | P8: =IFERROR('Psych Safety Index'!J5,"") -> 0 | ... T8: =IFERROR('Psych Safety Index'!N5,"") -> 0
A9: Accident Rate (per 100,000 Flt Hrs) | B9: Customer / Stakeholder | C9: 0 | D9: Hrs | E9: Yes | F9: Regular | H9: 5 | I9: =IFERROR('Accident Rate'!C5,"") -> 0 | J9: =IFERROR('Accident Rate'!D5,"") -> 0 | K9: =IFERROR('Accident Rate'!E5,"") -> 0 | L9: =IFERROR('Accident Rate'!F5,"") -> 0 | M9: =IFERROR('Accident Rate'!G5,"") -> 0 | N9: =IFERROR('Accident Rate'!H5,"") -> 0 | O9: =IFERROR('Accident Rate'!I5,"") -> 0 | P9: =IFERROR('Accident Rate'!J5,"") -> 0 | ... T9: =IFERROR('Accident Rate'!N5,"") -> 0
A10: High Risk Incident Rate (per 100,000 Flt Hrs.) | B10: Internal Process | C10: 0 | D10: Hrs | E10: Yes | F10: Regular | H10: 5 | I10: =IFERROR('High Risk Incidents'!C5,"") -> 0 | J10: =IFERROR('High Risk Incidents'!D5,"") -> 0 | K10: =IFERROR('High Risk Incidents'!E5,"") -> 0 | L10: =IFERROR('High Risk Incidents'!F5,"") -> 0 | M10: =IFERROR('High Risk Incidents'!G5,"") -> 0 | N10: =IFERROR('High Risk Incidents'!H5,"") -> 0 | O10: =IFERROR('High Risk Incidents'!I5,"") -> 0 | P10: =IFERROR('High Risk Incidents'!J5,"") -> 0 | ... T10: =IFERROR('High Risk Incidents'!N5,"") -> 0
A11: HSE Bulletins/Alerts Frequency | B11: Learning & Growth | C11: 4 | D11: # | E11: No | F11: Regular | H11: 10 | I11: =IFERROR('HSE Bulletins'!C5,"") -> 0 | J11: =IFERROR('HSE Bulletins'!D5,"") -> 0 | K11: =IFERROR('HSE Bulletins'!E5,"") -> 1 | L11: =IFERROR('HSE Bulletins'!F5,"") -> 0 | M11: =IFERROR('HSE Bulletins'!G5,"") -> 0 | N11: =IFERROR('HSE Bulletins'!H5,"") -> 0 | O11: =IFERROR('HSE Bulletins'!I5,"") -> 0 | P11: =IFERROR('HSE Bulletins'!J5,"") -> 0 | ... T11: =IFERROR('HSE Bulletins'!N5,"") -> 0
A12: Emergency Drills Frequency | B12: Learning & Growth | C12: 2 | D12: # | E12: No | F12: Regular | H12: 5 | I12: =IFERROR('Emergency Drills'!C5,"") -> 0 | J12: =IFERROR('Emergency Drills'!D5,"") -> 0 | K12: =IFERROR('Emergency Drills'!E5,"") -> 1 | L12: =IFERROR('Emergency Drills'!F5,"") -> 0 | M12: =IFERROR('Emergency Drills'!G5,"") -> 0 | N12: =IFERROR('Emergency Drills'!H5,"") -> 0 | O12: =IFERROR('Emergency Drills'!I5,"") -> 0 | P12: =IFERROR('Emergency Drills'!J5,"") -> 0 | ... T12: =IFERROR('Emergency Drills'!N5,"") -> 0
A13: Mandatory Training Compliance % | B13: Learning & Growth | C13: 100 | D13: % | E13: No | F13: Regular | H13: 5 | I13: =IFERROR('Training Compliance'!C6,"") -> 100 | J13: =IFERROR('Training Compliance'!D6,"") | K13: =IFERROR('Training Compliance'!E6,"") -> 100 | L13: =IFERROR('Training Compliance'!F6,"") | M13: =IFERROR('Training Compliance'!G6,"") | N13: =IFERROR('Training Compliance'!H6,"") | O13: =IFERROR('Training Compliance'!I6,"") | P13: =IFERROR('Training Compliance'!J6,"") | ... T13: =IFERROR('Training Compliance'!N6,"")
A14: Budget Adherence % | B14: Financial | C14: 100 | D14: % | E14: Yes | F14: Regular | H14: 5 | I14: =IFERROR('Budget Adherence'!C6,"") | J14: =IFERROR('Budget Adherence'!D6,"") | K14: =IFERROR('Budget Adherence'!E6,"") | L14: =IFERROR('Budget Adherence'!F6,"") | M14: =IFERROR('Budget Adherence'!G6,"") | N14: =IFERROR('Budget Adherence'!H6,"") | O14: =IFERROR('Budget Adherence'!I6,"") | P14: =IFERROR('Budget Adherence'!J6,"") | ... T14: =IFERROR('Budget Adherence'!N6,"")
A15: Review Process & Procedures Update Rate % | B15: Internal Process | C15: 90 | D15: % | E15: No | F15: Regular | H15: 5 | I15: =IFERROR('Proc Review Rate'!C6,"") | J15: =IFERROR('Proc Review Rate'!D6,"") | K15: =IFERROR('Proc Review Rate'!E6,"") -> 100 | L15: =IFERROR('Proc Review Rate'!F6,"") | M15: =IFERROR('Proc Review Rate'!G6,"") | N15: =IFERROR('Proc Review Rate'!H6,"") | O15: =IFERROR('Proc Review Rate'!I6,"") | P15: =IFERROR('Proc Review Rate'!J6,"") | ... T15: =IFERROR('Proc Review Rate'!N6,"")

Sheet Historical
A1: KPI Name | B1: Perspective | C1: Target | D1: Unit | E1: Lower is Better | F1: Target Type | G1: Target Date | H1: Weight % | I1: Jan 2025 | J1: Feb 2025 | K1: Mar 2025 | L1: Apr 2025 | M1: May 2025 | N1: Jun 2025 | O1: Jul 2025 | P1: Aug 2025 | Q1: Sep 2025 | R1: Oct 2025 | S1: Nov 2025 | T1: Dec 2025
A2: Regulatory Approval Currency Rate % | B2: Customer / Stakeholder | C2: 85 | D2: % | E2: No | F2: Regular | H2: 10
A3: Quality Circular Frequency | B3: Learning & Growth | C3: 4 | D3: # | E3: No | F3: Regular | H3: 10
A4: Annual Audit Plan Adherence % | B4: Internal Process | C4: 95 | D4: % | E4: No | F4: Regular | H4: 15
A5: Internal Finding Due Date Extension Rate % | B5: Internal Process | C5: 15 | D5: % | E5: Yes | F5: Regular | H5: 5
A6: Unscheduled Audit Frequency | B6: Internal Process | C6: 5 | D6: # | E6: Yes | F6: Regular | H6: 5
A7: Document Standardization Rate % | B7: Internal Process | C7: 95 | D7: % | E7: No | F7: Regular | H7: 10
A8: Psychological Safety Index % | B8: Learning & Growth | C8: 70 | D8: % | E8: No | F8: Regular | H8: 5
A9: Accident Rate (per 100,000 Flt Hrs) | B9: Customer / Stakeholder | C9: 0 | D9: Hrs | E9: Yes | F9: Regular | H9: 5
A10: High Risk Incident Rate (per 100,000 Flt Hrs.) | B10: Internal Process | C10: 0 | D10: Hrs | E10: Yes | F10: Regular | H10: 5
A11: HSE Bulletins/Alerts Frequency | B11: Learning & Growth | C11: 4 | D11: # | E11: No | F11: Regular | H11: 10
A12: Emergency Drills Frequency | B12: Learning & Growth | C12: 2 | D12: # | E12: No | F12: Regular | H12: 5
A13: Mandatory Training Compliance % | B13: Learning & Growth | C13: 100 | D13: % | E13: No | F13: Regular | H13: 5
... A15: Review Process & Procedures Update Rate % | B15: Internal Process | C15: 90 | D15: % | E15: No | F15: Regular | H15: 5

Sheet Regulatory Approval
A1: Regulatory Approval Currency Rate %
A2: Theme: Governance | Enabler: Organization System | Objective: Strengthen Governance, Controls & Risk Management | Target: 85% | Weight: 10%
A3: Department | B3: Planned/Actual | C3: Jan 2026 | D3: Feb 2026 | E3: Mar 2026 | F3: Apr 2026 | G3: May 2026 | H3: Jun 2026 | I3: Jul 2026 | J3: Aug 2026 | K3: Sep 2026 | L3: Oct 2026 | M3: Nov 2026 | N3: Dec 2026 | O3: YTD Avg 2026
A4: QHSE | B4: Total Regulatory Approvals Required | C4: 1 | D4: 1 | E4: 5 | O4: =IFERROR(AVERAGEIF(C4:N4,"<>"),"") -> 2.3333333
B5: Regulatory Approval Currency Rate % | C5: 1 | D5: 1 | E5: 3 | O5: =IFERROR(AVERAGEIF(C5:N5,"<>"),"") -> 1.6666667
A6: Total | B6: Regulatory Approval Currency Rate % | C6: =IFERROR(C5/C4*100,"") -> 100 | D6: =IFERROR(D5/D4*100,"") -> 100 | E6: =IFERROR(E5/E4*100,"") -> 60 | F6: =IFERROR(F5/F4*100,"") | G6: =IFERROR(G5/G4*100,"") | H6: =IFERROR(H5/H4*100,"") | I6: =IFERROR(I5/I4*100,"") | J6: =IFERROR(J5/J4*100,"") | ... N6: =IFERROR(N5/N4*100,"") | O6: =IFERROR(AVERAGEIF(C6:N6,"<>"),"") -> 86.666667

Sheet Quality Circular Freq
A1: Quality Circular Frequency
A2: Theme: Safety | Enabler: Safety & Operational Reliability | Objective: Achieve Zero Major Incidents & Safety Non-Conformities | Target: 4 | Weight: 10%
A3: Department | B3: Metric | C3: Jan 2026 | D3: Feb 2026 | E3: Mar 2026 | F3: Apr 2026 | G3: May 2026 | H3: Jun 2026 | I3: Jul 2026 | J3: Aug 2026 | K3: Sep 2026 | L3: Oct 2026 | M3: Nov 2026 | N3: Dec 2026 | O3: YTD Total
A4: QHSE | B4: Quality Circulars Issued | C4: 0 | D4: 0 | E4: 1 | O4: =IFERROR(SUM(C4:N4),"") -> 1
A5: Total | B5: Total Quality Circulars Issued YTD | C5: =IFERROR(C4,"") -> 0 | D5: =IFERROR(D4,"") -> 0 | E5: =IFERROR(E4,"") -> 1 | F5: =IFERROR(F4,"") -> 0 | G5: =IFERROR(G4,"") -> 0 | H5: =IFERROR(H4,"") -> 0 | I5: =IFERROR(I4,"") -> 0 | J5: =IFERROR(J4,"") -> 0 | ... N5: =IFERROR(N4,"") -> 0 | O5: =IFERROR(SUM(C5:N5),"") -> 1

Sheet Audit Plan Adherence
A1: Annual Audit Plan Adherence %
A2: Theme: Governance | Enabler: Organization System | Objective: Strengthen Governance, Controls & Risk Management | Target: 95% | Weight: 15%
A3: Department | B3: Planned/Actual | C3: Jan 2026 | D3: Feb 2026 | E3: Mar 2026 | F3: Apr 2026 | G3: May 2026 | H3: Jun 2026 | I3: Jul 2026 | J3: Aug 2026 | K3: Sep 2026 | L3: Oct 2026 | M3: Nov 2026 | N3: Dec 2026 | O3: YTD Avg 2026
A4: QHSE | B4: Planned Audits per Schedule | C4: 0 | D4: 12 | E4: 10 | O4: =IFERROR(AVERAGEIF(C4:N4,"<>"),"") -> 7.3333333
B5: Actual Audits Completed | C5: 0 | D5: 10 | E5: 12 | O5: =IFERROR(AVERAGEIF(C5:N5,"<>"),"") -> 7.3333333
A6: Total | B6: Annual Audit Plan Adherence % | C6: =IFERROR(C5/C4*100,"") | D6: =IFERROR(D5/D4*100,"") -> 83.333333 | E6: =IFERROR(E5/E4*100,"") -> 120 | F6: =IFERROR(F5/F4*100,"") | G6: =IFERROR(G5/G4*100,"") | H6: =IFERROR(H5/H4*100,"") | I6: =IFERROR(I5/I4*100,"") | J6: =IFERROR(J5/J4*100,"") | ... N6: =IFERROR(N5/N4*100,"") | O6: =IFERROR(AVERAGEIF(C6:N6,"<>"),"") -> 101.66667

Sheet CAPA Extension Rate
A1: Internal Finding Due Date Extension Rate %
A2: Theme: Governance | Enabler: Safety & Operational Reliability | Objective: Strengthen Governance, Controls & Risk Management | Target: Less than 15% | Weight: 5%
A3: Department | B3: Planned/Actual | C3: Jan 2026 | D3: Feb 2026 | E3: Mar 2026 | F3: Apr 2026 | G3: May 2026 | H3: Jun 2026 | I3: Jul 2026 | J3: Aug 2026 | K3: Sep 2026 | L3: Oct 2026 | M3: Nov 2026 | N3: Dec 2026 | O3: YTD Avg 2026
A4: QHSE | B4: Total Findings Issued | C4: 22 | D4: 25 | E4: 35 | O4: =IFERROR(AVERAGEIF(C4:N4,"<>"),"") -> 27.333333
B5: Findings with CAPA Extension | C5: 2 | D5: 3 | E5: 1 | O5: =IFERROR(AVERAGEIF(C5:N5,"<>"),"") -> 2
A6: Total | B6: Internal Finding Due Date Extension Rate % | C6: =IFERROR(C5/C4*100,"") -> 9.0909091 | D6: =IFERROR(D5/D4*100,"") -> 12 | E6: =IFERROR(E5/E4*100,"") -> 2.8571429 | F6: =IFERROR(F5/F4*100,"") | G6: =IFERROR(G5/G4*100,"") | H6: =IFERROR(H5/H4*100,"") | I6: =IFERROR(I5/I4*100,"") | J6: =IFERROR(J5/J4*100,"") | ... N6: =IFERROR(N5/N4*100,"") | O6: =IFERROR(AVERAGEIF(C6:N6,"<>"),"") -> 7.982684

Sheet Unscheduled Audits
A1: Unscheduled Audit Frequency
A2: Theme: Governance | Enabler: Organization System | Objective: Strengthen Governance, Controls & Risk Management | Target: Less than 5 | Weight: 5%
A3: Department | B3: Metric | C3: Jan 2026 | D3: Feb 2026 | E3: Mar 2026 | F3: Apr 2026 | G3: May 2026 | H3: Jun 2026 | I3: Jul 2026 | J3: Aug 2026 | K3: Sep 2026 | L3: Oct 2026 | M3: Nov 2026 | N3: Dec 2026 | O3: YTD Total
A4: QHSE | B4: Unscheduled Audits Conducted | C4: 0 | D4: 0 | E4: 2 | O4: =IFERROR(SUM(C4:N4),"") -> 2
A5: Total | B5: Total Unscheduled Audits YTD | C5: =IFERROR(C4,"") -> 0 | D5: =IFERROR(D4,"") -> 0 | E5: =IFERROR(E4,"") -> 2 | F5: =IFERROR(F4,"") -> 0 | G5: =IFERROR(G4,"") -> 0 | H5: =IFERROR(H4,"") -> 0 | I5: =IFERROR(I4,"") -> 0 | J5: =IFERROR(J4,"") -> 0 | ... N5: =IFERROR(N4,"") -> 0 | O5: =IFERROR(SUM(C5:N5),"") -> 2

Sheet Doc Standardization
A1: Document Standardization Rate %
A2: Theme: Business Transformation | Enabler: Organization System | Objective: Drive Strategic Transformation & Digital Enablement | Target: 95% | Weight: 10%
A3: Department | B3: Planned/Actual | C3: Jan 2026 | D3: Feb 2026 | E3: Mar 2026 | F3: Apr 2026 | G3: May 2026 | H3: Jun 2026 | I3: Jul 2026 | J3: Aug 2026 | K3: Sep 2026 | L3: Oct 2026 | M3: Nov 2026 | N3: Dec 2026 | O3: YTD Avg 2026
A4: QHSE | B4: Total QHSE Documents in Scope | C4: 0 | D4: 0 | E4: 1 | O4: =IFERROR(AVERAGEIF(C4:N4,"<>"),"") -> 0.33333333
B5: Documents Standardized & Digitalized | C5: 0 | D5: 0 | E5: 1 | O5: =IFERROR(AVERAGEIF(C5:N5,"<>"),"") -> 0.33333333
A6: Total | B6: Document Standardization Rate % | C6: =IFERROR(C5/C4*100,"") | D6: =IFERROR(D5/D4*100,"") | E6: =IFERROR(E5/E4*100,"") -> 100 | F6: =IFERROR(F5/F4*100,"") | G6: =IFERROR(G5/G4*100,"") | H6: =IFERROR(H5/H4*100,"") | I6: =IFERROR(I5/I4*100,"") | J6: =IFERROR(J5/J4*100,"") | ... N6: =IFERROR(N5/N4*100,"") | O6: =IFERROR(AVERAGEIF(C6:N6,"<>"),"") -> 100

Sheet Psych Safety Index
A1: Psychological Safety Index % (Annual KPI)
A2: Theme: Safety | Enabler: Safety & Operational Reliability | Objective: Achieve Zero Major Incidents & Safety Non-Conformities | Target: ≥70% | Weight: 5%
A3: Department | B3: Metric | C3: Jan 2026 | D3: Feb 2026 | E3: Mar 2026 | F3: Apr 2026 | G3: May 2026 | H3: Jun 2026 | I3: Jul 2026 | J3: Aug 2026 | K3: Sep 2026 | L3: Oct 2026 | M3: Nov 2026 | N3: Dec 2026 | O3: Annual Value
A4: QHSE | B4: Psychological Safety Survey Score % | C4: 0 | D4: 0 | E4: 70 | O4: =IF(N4<>"",N4,IF(M4<>"",M4,IF(L4<>"",L4,IF(K4<>"",K4,IF(J4<>"",J4,IF(I4<>"",I4,IF(H4<>"",H4,IF(G4<>"",G4,IF(F4<>"",F4,IF(E4<>"",E4,IF(D4<>"",D4,IF(C4<>"",C4,"")))))))))))) -> 70
A5: Total | B5: Psychological Safety Index % | C5: =IFERROR(C4,"") -> 0 | D5: =IFERROR(D4,"") -> 0 | E5: =IFERROR(E4,"") -> 70 | F5: =IFERROR(F4,"") -> 0 | G5: =IFERROR(G4,"") -> 0 | H5: =IFERROR(H4,"") -> 0 | I5: =IFERROR(I4,"") -> 0 | J5: =IFERROR(J4,"") -> 0 | ... N5: =IFERROR(N4,"") -> 0 | O5: =IF(N5<>"",N5,IF(M5<>"",M5,IF(L5<>"",L5,IF(K5<>"",K5,IF(J5<>"",J5,IF(I5<>"",I5,IF(H5<>"",H5,IF(G5<>"",G5,IF(F5<>"",F5,IF(E5<>"",E5,IF(D5<>"",D5,IF(C5<>"",C5,"")))))))))))) -> 0

Sheet Accident Rate
A1: Accident Rate (per 100,000 Flt Hrs)
A2: Theme: Safety | Enabler: Safety & Operational Reliability | Objective: Achieve Zero Major Incidents & Safety Non-Conformities | Target: 0 | Weight: 5%
A3: Department | B3: Metric | C3: Jan 2026 | D3: Feb 2026 | E3: Mar 2026 | F3: Apr 2026 | G3: May 2026 | H3: Jun 2026 | I3: Jul 2026 | J3: Aug 2026 | K3: Sep 2026 | L3: Oct 2026 | M3: Nov 2026 | N3: Dec 2026 | O3: YTD Total
A4: QHSE | B4: Accident Rate (per 100,000 Flt Hrs) | C4: 0 | D4: 0 | E4: 0 | O4: =IFERROR(SUM(C4:N4),"") -> 0
A5: Total | B5: YTD Accident Rate | C5: =IFERROR(C4,"") -> 0 | D5: =IFERROR(D4,"") -> 0 | E5: =IFERROR(E4,"") -> 0 | F5: =IFERROR(F4,"") -> 0 | G5: =IFERROR(G4,"") -> 0 | H5: =IFERROR(H4,"") -> 0 | I5: =IFERROR(I4,"") -> 0 | J5: =IFERROR(J4,"") -> 0 | ... N5: =IFERROR(N4,"") -> 0 | O5: =IFERROR(SUM(C5:N5),"") -> 0

Sheet High Risk Incidents
A1: High Risk Incident Rate (per 100,000 Flt Hrs.)
A2: Theme: Safety | Enabler: Safety & Operational Reliability | Objective: Achieve Zero Major Incidents & Safety Non-Conformities | Target: 0 | Weight: 5%
A3: Department | B3: Metric | C3: Jan 2026 | D3: Feb 2026 | E3: Mar 2026 | F3: Apr 2026 | G3: May 2026 | H3: Jun 2026 | I3: Jul 2026 | J3: Aug 2026 | K3: Sep 2026 | L3: Oct 2026 | M3: Nov 2026 | N3: Dec 2026 | O3: YTD Total
A4: QHSE | B4: High Risk Incidents (per 100,000 Flt Hrs) | C4: 0 | D4: 0 | E4: 0 | O4: =IFERROR(SUM(C4:N4),"") -> 0
A5: Total | B5: YTD High Risk Incident Rate | C5: =IFERROR(C4,"") -> 0 | D5: =IFERROR(D4,"") -> 0 | E5: =IFERROR(E4,"") -> 0 | F5: =IFERROR(F4,"") -> 0 | G5: =IFERROR(G4,"") -> 0 | H5: =IFERROR(H4,"") -> 0 | I5: =IFERROR(I4,"") -> 0 | J5: =IFERROR(J4,"") -> 0 | ... N5: =IFERROR(N4,"") -> 0 | O5: =IFERROR(SUM(C5:N5),"") -> 0

Sheet HSE Bulletins
A1: HSE Bulletins/Alerts Frequency
A2: Theme: Safety | Enabler: Skilled Workforce | Objective: Sustain Workforce Competency, Leadership & Culture | Target: 4 | Weight: 10%
A3: Department | B3: Metric | C3: Jan 2026 | D3: Feb 2026 | E3: Mar 2026 | F3: Apr 2026 | G3: May 2026 | H3: Jun 2026 | I3: Jul 2026 | J3: Aug 2026 | K3: Sep 2026 | L3: Oct 2026 | M3: Nov 2026 | N3: Dec 2026 | O3: YTD Total
A4: QHSE | B4: HSE Bulletins/Alerts Issued | C4: 0 | D4: 0 | E4: 1 | O4: =IFERROR(SUM(C4:N4),"") -> 1
A5: Total | B5: Total HSE Bulletins/Alerts YTD | C5: =IFERROR(C4,"") -> 0 | D5: =IFERROR(D4,"") -> 0 | E5: =IFERROR(E4,"") -> 1 | F5: =IFERROR(F4,"") -> 0 | G5: =IFERROR(G4,"") -> 0 | H5: =IFERROR(H4,"") -> 0 | I5: =IFERROR(I4,"") -> 0 | J5: =IFERROR(J4,"") -> 0 | ... N5: =IFERROR(N4,"") -> 0 | O5: =IFERROR(SUM(C5:N5),"") -> 1

Sheet Emergency Drills
A1: Emergency Drills Frequency
A2: Theme: Business Transformation | Enabler: Safety & Operational Reliability | Objective: Achieve Zero Major Incidents & Safety Non-Conformities | Target: 2 | Weight: 5%
A3: Department | B3: Metric | C3: Jan 2026 | D3: Feb 2026 | E3: Mar 2026 | F3: Apr 2026 | G3: May 2026 | H3: Jun 2026 | I3: Jul 2026 | J3: Aug 2026 | K3: Sep 2026 | L3: Oct 2026 | M3: Nov 2026 | N3: Dec 2026 | O3: YTD Total
A4: QHSE | B4: Emergency Drills Conducted | C4: 0 | D4: 0 | E4: 1 | O4: =IFERROR(SUM(C4:N4),"") -> 1
A5: Total | B5: Total Emergency Drills YTD | C5: =IFERROR(C4,"") -> 0 | D5: =IFERROR(D4,"") -> 0 | E5: =IFERROR(E4,"") -> 1 | F5: =IFERROR(F4,"") -> 0 | G5: =IFERROR(G4,"") -> 0 | H5: =IFERROR(H4,"") -> 0 | I5: =IFERROR(I4,"") -> 0 | J5: =IFERROR(J4,"") -> 0 | ... N5: =IFERROR(N4,"") -> 0 | O5: =IFERROR(SUM(C5:N5),"") -> 1

Sheet Training Compliance
A1: Mandatory Training Compliance %
A2: Theme: Skilled Workforce | Enabler: Skilled Workforce | Objective: Sustain Workforce Competency, Leadership & Culture | Target: 100% | Weight: 5%
A3: Department | B3: Planned/Actual | C3: Jan 2026 | D3: Feb 2026 | E3: Mar 2026 | F3: Apr 2026 | G3: May 2026 | H3: Jun 2026 | I3: Jul 2026 | J3: Aug 2026 | K3: Sep 2026 | L3: Oct 2026 | M3: Nov 2026 | N3: Dec 2026 | O3: YTD Avg 2026
A4: QHSE | B4: Total QHSE Staff Requiring Certification | C4: 5 | D4: 0 | E4: 2 | O4: =IFERROR(AVERAGEIF(C4:N4,"<>"),"") -> 2.3333333
B5: Staff with Valid Certification | C5: 5 | D5: 0 | E5: 2 | O5: =IFERROR(AVERAGEIF(C5:N5,"<>"),"") -> 2.3333333
A6: Total | B6: Mandatory Training Compliance % | C6: =IFERROR(C5/C4*100,"") -> 100 | D6: =IFERROR(D5/D4*100,"") | E6: =IFERROR(E5/E4*100,"") -> 100 | F6: =IFERROR(F5/F4*100,"") | G6: =IFERROR(G5/G4*100,"") | H6: =IFERROR(H5/H4*100,"") | I6: =IFERROR(I5/I4*100,"") | J6: =IFERROR(J5/J4*100,"") | ... N6: =IFERROR(N5/N4*100,"") | O6: =IFERROR(AVERAGEIF(C6:N6,"<>"),"") -> 100

Sheet Budget Adherence
A1: Budget Adherence %
A2: Theme: Governance | Enabler: Organization System | Objective: Maintain budget compliance | Target: <100% | Weight: 5%
A3: Department | B3: Planned/Actual | C3: Jan 2026 | D3: Feb 2026 | E3: Mar 2026 | F3: Apr 2026 | G3: May 2026 | H3: Jun 2026 | I3: Jul 2026 | J3: Aug 2026 | K3: Sep 2026 | L3: Oct 2026 | M3: Nov 2026 | N3: Dec 2026 | O3: YTD Avg 2026
A4: QHSE | B4: Approved Budget | O4: =IFERROR(AVERAGEIF(C4:N4,"<>"),"")
B5: Actual Expenditure | O5: =IFERROR(AVERAGEIF(C5:N5,"<>"),"")
A6: Total | B6: Budget Adherence % | C6: =IFERROR(C5/C4*100,"") | D6: =IFERROR(D5/D4*100,"") | E6: =IFERROR(E5/E4*100,"") | F6: =IFERROR(F5/F4*100,"") | G6: =IFERROR(G5/G4*100,"") | H6: =IFERROR(H5/H4*100,"") | I6: =IFERROR(I5/I4*100,"") | J6: =IFERROR(J5/J4*100,"") | ... N6: =IFERROR(N5/N4*100,"") | O6: =IFERROR(AVERAGEIF(C6:N6,"<>"),"")

Sheet Proc Review Rate
A1: Review Process & Procedures Update Rate %
A2: Theme: Governance | Enabler: Safety & Operational Reliability | Objective: Ensure systematic review, updating, and implementation of policies and procedures. | Target: 90% | Weight: 5%
A3: Department | B3: Planned/Actual | C3: Jan 2026 | D3: Feb 2026 | E3: Mar 2026 | F3: Apr 2026 | G3: May 2026 | H3: Jun 2026 | I3: Jul 2026 | J3: Aug 2026 | K3: Sep 2026 | L3: Oct 2026 | M3: Nov 2026 | N3: Dec 2026 | O3: YTD Avg 2026
A4: QHSE | B4: Total Procedures Due for Review | C4: 0 | D4: 0 | E4: 1 | O4: =IFERROR(AVERAGEIF(C4:N4,"<>"),"") -> 0.33333333
B5: Procedures Reviewed & Updated | C5: 0 | D5: 0 | E5: 1 | O5: =IFERROR(AVERAGEIF(C5:N5,"<>"),"") -> 0.33333333
A6: Total | B6: Review Process & Procedures Update Rate % | C6: =IFERROR(C5/C4*100,"") | D6: =IFERROR(D5/D4*100,"") | E6: =IFERROR(E5/E4*100,"") -> 100 | F6: =IFERROR(F5/F4*100,"") | G6: =IFERROR(G5/G4*100,"") | H6: =IFERROR(H5/H4*100,"") | I6: =IFERROR(I5/I4*100,"") | J6: =IFERROR(J5/J4*100,"") | ... N6: =IFERROR(N5/N4*100,"") | O6: =IFERROR(AVERAGEIF(C6:N6,"<>"),"") -> 100
